rank,votes,title,category,authors,avg_rating,pages,published,publisher,5stars,4stars,3stars,2stars,1stars,ratings
1,98291,"The Testaments (The Handmaid's Tale, #2)",Fiction,Margaret Atwood,4.22,422,2019-09-10,Nan A. Talese,61651,52900,20227,4151,998,139927
2,40081,Normal People,Fiction,Sally Rooney,3.86,273,,None,58696,74298,43656,13951,4650,195251
3,29342,Where the Forest Meets the Stars,Fiction,Glendy Vanderah,4.15,332,2019-03-01,Lake Union Publishing,25540,22578,9464,2019,900,60501
4,26653,"Ask Again, Yes",Fiction,Mary Beth Keane,4.02,390,2019-05-28,Scribner,20140,33715,13271,2033,477,69636
5,21524,Queenie,Fiction,Candice Carty-Williams,3.76,330,2019-03-19,Gallery/Scout Press,6949,13067,8382,2117,561,31076
6,21177,On Earth We're Briefly Gorgeous,Fiction,Ocean Vuong,4.07,246,2019-06-04,Penguin Press,15799,14222,7135,1966,639,39761
7,20211,A Woman Is No Man,Fiction,Etaf Rum,4.24,336,2019-03-05,Harper,18911,16792,5760,1070,311,42844
8,15892,The Overdue Life of Amy Byler,Fiction,Kelly Harms,3.88,332,2019-05-01,Lake Union Publishing,13667,20795,11888,2453,903,49706
9,15767,"Olive, Again",Fiction,Elizabeth Strout,4.21,289,2019-10-15,Random House,14335,12175,4462,1001,348,32321
10,12291,The Most Fun We Ever Had,Fiction,Claire Lombardo,4.03,532,2019-06-25,Doubleday Books,8673,10851,4561,1044,396,25525
11,6069,The Bookish Life of Nina Hill,Fiction,Abbi Waxman,3.85,333,2019-07-09,Berkley Books,8022,14170,8349,1651,409,32601
12,5679,The Last Romantics,Fiction,Tara Conklin,3.75,354,2019-02-05,William Morrow,5308,11650,7650,1667,323,26598
13,5517,Red at the Bone,Fiction,Jacqueline Woodson,4.02,196,2019-09-17,Riverhead Books,7051,9200,4294,822,238,21605
14,5065,When All Is Said,Fiction,Anne  Griffin,4.06,326,2019-03-05,Thomas Dunne Books,7217,7592,3600,796,289,19494
15,4932,The Gifted School,Fiction,Bruce Holsinger,3.77,450,2019-07-02,Riverhead,3670,9198,5632,1009,205,19714
16,3591,Fleishman Is in Trouble,Fiction,Taffy Brodesser-Akner,3.71,373,2019-06-18,Random House,7927,12121,8636,2840,969,32493
17,2787,"Find Me (Call Me By Your Name, #2)",Fiction,André Aciman,3.35,260,2019-10-29,"Farrar, Straus and Giroux",2493,4013,4399,2335,883,14123
18,1486,The Reckless Oath We Made,Fiction,Bryn Greenwood,4.02,436,2019-08-20,G.P. Putnam's Sons,1984,2354,1035,262,108,5743
19,1413,"Girl, Woman, Other",Fiction,Bernardine Evaristo,4.44,,,None,10406,5580,1506,347,122,17961
20,1238,Lanny,Fiction,Max Porter,4.14,213,2019-05-14,Graywolf Press,4278,3752,1527,440,166,10163
1,68821,The Silent Patient,Mystery & Thriller,Alex Michaelides,4.07,325,2019-02-05,Celadon Books,106223,119339,50682,11158,3797,291199
2,52097,"My Sister, the Serial Killer",Mystery & Thriller,Oyinkan Braithwaite,3.76,226,2018-11-20,Doubleday Books,18016,42743,27117,5068,1262,94206
3,31822,The Turn of the Key,Mystery & Thriller,Ruth Ware,3.95,337,2019-08-06,Gallery/Scout Press,22374,35925,16972,3275,906,79452
4,23526,The Lost Man,Mystery & Thriller,Jane Harper,4.19,340,2019-02-05,Flatiron Books,16878,20875,5911,836,261,44761
5,19692,An Anonymous Girl,Mystery & Thriller,"Greer Hendricks, Sarah Pekkanen",3.83,375,2019-01-08,St. Martin's Press,19503,35234,21127,4595,1105,81564
6,19627,The Whisper Man,Mystery & Thriller,Alex North,4.07,355,2019-08-20,Celadon Books,14086,17906,7426,1359,336,41113
7,18561,Run Away,Mystery & Thriller,Harlan Coben,4.06,371,2019-03-19,Grand Central Publishing,11503,15172,6348,1023,350,34396
8,17079,Lock Every Door,Mystery & Thriller,Riley Sager,3.94,371,2019-07-02,Dutton Books,13602,19508,9770,2345,576,45801
9,14859,Miracle Creek,Mystery & Thriller,Angie  Kim,3.91,355,2019-04-16,Sarah Crichton Books,7623,13730,6710,1278,391,29732
10,13804,The Mother-in-Law,Mystery & Thriller,Sally Hepworth,3.99,340,2019-04-23,St. Martin's Press,13999,24939,9904,1576,560,50978
11,7245,"A Better Man (Chief Inspector Armand Gamache, #15)",Mystery & Thriller,Louise Penny,4.34,437,2019-08-27,Minotaur Books,11936,8815,2657,402,114,23924
12,6743,The Family Upstairs,Mystery & Thriller,Lisa Jewell,4,340,2019-11-05,Atria Books,17051,26873,11771,2038,495,58228
13,6275,The Chain,Mystery & Thriller,Adrian McKinty,3.82,357,2019-07-09,Mulholland Books,7138,11450,7146,1746,538,28018
14,4940,Disappearing Earth,Mystery & Thriller,Julia  Phillips,3.92,264,2019-05-14,Knopf,5017,6747,3594,966,261,16585
15,3582,Searching for Sylvie Lee,Mystery & Thriller,Jean Kwok,3.66,336,2019-06-04,William Morrow,3168,7733,5907,1299,277,18384
16,3412,I'll Never Tell,Mystery & Thriller,Catherine McKenzie,3.76,355,2019-06-01,Lake Union Publishing,2909,5093,3577,871,227,12677
17,2806,"The Night Fire (Harry Bosch #22; Renée Ballard, #3; Harry Bosch Universe, #32)",Mystery & Thriller,Michael Connelly,4.32,405,2019-10-22,"Little, Brown and Company",11220,9612,2572,293,113,23810
18,2736,"The Last Widow (Will Trent, #9)",Mystery & Thriller,Karin Slaughter,4.11,446,2019-08-20,William Morrow,7151,7248,2949,642,319,18309
19,2697,My Lovely Wife,Mystery & Thriller,Samantha  Downing,3.9,374,2019-03-26,Berkley Books,13841,19430,10082,2642,1014,47009
20,1772,The Line Between (The Line Between #1),Mystery & Thriller,Tosca Lee,4.1,384,2019-01-29,Howard Books,918,1117,453,73,21,2582
1,82483,Daisy Jones & The Six,Historical Fiction,Taylor Jenkins Reid,4.21,355,2019-03-05,Ballantine Books,78695,66588,25209,5408,1674,177574
2,29362,The Nickel Boys,Historical Fiction,Colson Whitehead,4.26,213,2019-07-16,Doubleday Books,28205,25056,7961,1318,456,62996
3,25851,The Huntress,Historical Fiction,Kate Quinn,4.27,549,2019-02-26,William Morrow,22242,21186,5961,946,319,50654
4,25671,City of Girls,Historical Fiction,Elizabeth Gilbert,4.05,470,2019-06-04,Riverhead,33663,38264,17402,3736,1204,94269
5,24250,The Giver of Stars,Historical Fiction,Jojo Moyes,4.31,400,2019-10-08,Pamela Dorman Books,37333,32142,8584,1279,473,79811
6,24100,The Water Dancer,Historical Fiction,Ta-Nehisi Coates,4.08,403,2019-09-24,One World,12879,13483,6294,1254,389,34299
7,22234,Once Upon a River,Historical Fiction,Diane Setterfield,3.98,464,2018-12-04,Atria/Emily Bestler Books,11519,15332,7238,1751,482,36322
8,19298,The Lost Girls of Paris,Historical Fiction,Pam Jenoff,3.88,377,2019-01-29,Park Row,11386,20718,10904,2285,503,45796
9,18878,The Dutch House,Historical Fiction,Ann Patchett,4.2,337,2019-09-24,Harper,38299,41632,12726,2103,773,95533
10,16700,Summer of '69,Historical Fiction,Elin Hilderbrand,3.98,432,2019-06-18,"Little, Brown and Company",14092,23090,10374,1614,567,49737
11,8368,The Island of Sea Women,Historical Fiction,Lisa See,4.24,374,2019-03-05,Scribner,13270,13195,3969,650,191,31275
12,7423,What the Wind Knows,Historical Fiction,Amy Harmon,4.35,416,2019-03-01,Lake Union Publishing,23612,14413,4363,1018,648,44054
13,6799,The Night Tiger,Historical Fiction,Yangsze Choo,3.87,384,2019-02-12,Flatiron Books,6226,11310,6274,1194,294,25298
14,5628,"Lost Roses (Lilac Girls, #2)",Historical Fiction,Martha Hall Kelly,4.01,432,2019-04-09,Ballantine Books,6989,10698,4548,748,258,23241
15,5387,Mrs. Everything,Historical Fiction,Jennifer Weiner,3.85,480,2019-06-11,Atria Books,10944,19396,10585,2252,876,44053
16,3122,"Cilka's Journey (The Tattooist of Auschwitz, #2)",Historical Fiction,Heather   Morris,4.4,352,2019-10-01,St. Martin's Press,16654,11263,2768,410,156,31251
17,2940,The Book Woman of Troublesome Creek,Historical Fiction,Kim Michele Richardson,4.25,320,2019-05-07,Sourcebooks Landmark,11944,11575,3585,545,147,27796
18,2280,This Tender Land,Historical Fiction,William Kent Krueger,4.39,450,2019-09-03,Atria Books,12646,8555,2315,376,111,24003
19,1315,Nottingham,Historical Fiction,Nathan Makaryk,3.91,496,2019-08-06,Forge Books,241,228,134,59,17,679
20,754,The Summer Country,Historical Fiction,Lauren Willig,3.87,480,2019-06-04,William Morrow,761,1449,722,123,65,3120
1,53430,"Ninth House (Alex Stern, #1)",Fantasy,Leigh Bardugo,4.1,459,2019-10-08,Flatiron Books,19961,19725,8081,2020,870,50657
2,35351,The Starless Sea,Fantasy,Erin Morgenstern,3.95,498,2019-11-05,Doubleday Books,18258,13328,8761,4027,1285,45659
3,32778,Fire & Blood (A Targaryen History #1),Fantasy,"George R.R. Martin, Doug Wheatley",3.89,719,2018-11-20,Bantam,8457,10730,6309,1576,651,27723
4,30868,The Priory of the Orange Tree,Fantasy,Samantha Shannon,4.17,827,2019-02-26,Bloomsbury Publishing,11206,8881,3632,1081,361,25161
5,29553,"The Red Scrolls of Magic (The Eldest Curses, #1)",Fantasy,"Cassandra Clare, Wesley Chu",4.23,350,2019-04-09,Margaret K. McElderry Books,7576,6137,2380,448,147,16688
6,26836,"The Winter of the Witch (Winternight Trilogy, #3)",Fantasy,Katherine Arden,4.51,372,2019-01-08,Del Rey Books,18742,9717,2226,262,73,31020
7,25671,"Of Blood and Bone (Chronicles of The One, #2)",Fantasy,Nora Roberts,4.29,453,2018-12-04,St. Martin's Press,11409,8250,2880,600,170,23309
8,22383,"Storm Cursed (Mercy Thompson, #11)",Fantasy,Patricia Briggs,4.42,368,2019-05-07,Ace Books,10548,6648,1787,206,66,19255
9,15015,"Black Leopard, Red Wolf (The Dark Star Trilogy #1)",Fantasy,Marlon James,3.46,620,2019-02-05,Riverhead Books,2864,3671,2737,1613,1151,12036
10,14421,Middlegame,Fantasy,Seanan McGuire,4.08,528,2019-05-07,Tor.com,3566,3145,1447,492,131,8781
11,6698,The Ten Thousand Doors of January,Fantasy,Alix E. Harrow,4.11,374,2019-09-10,Redhook,8975,7803,3548,986,333,21645
12,6541,Gods of Jade and Shadow,Fantasy,Silvia Moreno-Garcia,3.9,338,2019-07-23,Del Rey,3478,4949,2889,657,166,12139
13,5588,"The Kingdom of Copper (The Daevabad Trilogy, #2)",Fantasy,S.A. Chakraborty,4.41,621,2019-01-22,Harper Voyager,7527,5009,1255,179,51,14021
14,4669,"The Dragon Republic (The Poppy War, #2)",Fantasy,R.F. Kuang,4.31,654,2019-08-06,Harper Voyager,3655,2578,815,210,59,7317
15,4593,"Darkdawn (The Nevernight Chronicle, #3)",Fantasy,Jay Kristoff,4.39,512,2019-09-03,St. Martin's Press,6870,3359,1317,344,83,11973
16,4424,Magic for Liars,Fantasy,Sarah Gailey,3.67,336,2019-06-04,Tor Books,2273,5088,3940,939,203,12443
17,2745,"The Burning White (Lightbringer, #5)",Fantasy,Brent Weeks,4.35,992,2019-10-22,Orbit,6624,3533,1302,360,136,11955
18,2239,"Age of Legend (The Legends of the First Empire, #4)",Fantasy,Michael J. Sullivan,4.39,480,,None,2538,1693,486,77,15,4809
19,2097,"A Little Hatred (The Age of Madness, #1)",Fantasy,Joe Abercrombie,4.49,480,2019-09-17,Orbit,5268,2943,596,105,38,8950
20,2047,"Holy Sister (Book of the Ancestor, #3)",Fantasy,Mark  Lawrence,4.35,352,2019-04-04,Harper Voyager,6436,4312,1449,220,46,12463
1,76688,"Red, White & Royal Blue",Romance,Casey McQuiston,4.3,,,None,47409,26635,10714,3052,1212,89022
2,35868,Verity,Romance,Colleen Hoover,4.35,314,,None,50294,29103,9713,2568,1087,92765
3,28816,The Unhoneymooners,Romance,Christina Lauren,3.99,,,None,20999,31755,14753,2506,602,70615
4,26097,Things You Save in a Fire,Romance,Katherine Center,4.06,320,2019-08-13,St. Martin's Press,12828,15735,7036,1330,346,37275
5,25343,"The Bride Test (The Kiss Quotient, #2)",Romance,Helen Hoang,3.92,296,2019-05-07,Berkley,13647,19140,10557,2398,647,46389
6,24476,"The Savior (Black Dagger Brotherhood, #17)",Romance,J.R. Ward,4.44,479,2019-04-02,Gallery Books,7330,3604,1201,215,62,12412
7,17513,The Kiss Thief,Romance,"L.J. Shen, Charline McGregor",4.07,320,2019-01-06,Independently published,15699,10117,5388,1993,1288,34485
8,17495,The Flatshare,Romance,Beth O'Leary,4.12,328,2019-05-28,Flatiron Books,18482,21160,8191,1456,430,49719
9,13891,"Pretty Reckless (All Saints High, #1)",Romance,L.J. Shen,4.22,360,2019-04-21,L.J. Shen,12641,7261,3230,963,687,24782
10,13432,The Girl He Used to Know,Romance,Tracey Garvis Graves,3.99,291,2019-04-02,St. Martin's Press,7178,8880,4288,1155,282,21783
11,6287,Ayesha at Last,Romance,Uzma Jalaluddin,3.91,351,,None,2559,4897,2382,420,84,10342
12,5970,The Friend Zone,Romance,Abby Jimenez,3.92,384,2019-06-11,Forever,7365,7152,4304,1498,600,20919
13,5142,"The Wedding Party (The Wedding Date, #3)",Romance,Jasmine Guillory,3.76,320,2019-07-16,Berkley,3234,6978,4980,869,157,16218
14,4748,Meet Cute,Romance,Helena Hunting,3.77,384,2019-04-09,Forever,4558,7879,5297,1409,325,19468
15,4257,"Well Met (Well Met, #1)",Romance,Jen DeLuca,3.9,319,2019-09-03,Berkley Books,4752,7685,4231,902,191,17761
16,3669,"Sapphire Flames (Hidden Legacy, #4)",Romance,Ilona Andrews,4.39,352,2019-08-27,Avon,7578,4145,1352,217,160,13452
17,3456,"Beard Necessities (Winston Brothers, #7)",Romance,Penny Reid,4.31,334,,None,3378,1932,910,163,49,6432
18,2215,The Best Thing,Romance,Mariana Zapata,4.04,,,None,5067,3639,2056,713,360,11835
19,1711,"The Wallflower Wager (Girl Meets Duke, #3)",Romance,Tessa Dare,4,256,2019-08-13,Avon,3258,3935,2116,403,108,9820
20,1335,"Brazen and the Beast (The Bareknuckle Bastards, #2)",Romance,Sarah MacLean,4.14,352,2019-07-30,Avon,2506,2287,1031,220,66,6110
1,41261,Recursion,Science Fiction,Blake Crouch,4.19,336,2019-06-11,Crown Publishing Group (NY),27625,27369,9940,1828,480,67242
2,35556,"Dark Age (Red Rising Saga, #5)",Science Fiction,Pierce Brown,4.46,757,2019-07-30,Del Rey Books,10152,4649,1478,311,106,16696
3,23273,"Gideon the Ninth (The Locked Tomb, #1)",Science Fiction,Tamsyn Muir,4.25,448,2019-09-10,Tor,6710,4556,1600,518,225,13609
4,20344,This Is How You Lose the Time War,Science Fiction,"Amal El-Mohtar, Max Gladstone",4.01,201,2019-07-16,Gallery / Saga Press,6676,5433,3021,1138,392,16660
5,18350,The Deep,Science Fiction,"Rivers Solomon, Daveed Diggs, William Hutson, Jonathan Snipes",3.78,166,2019-11-05,Gallery / Saga Press,1267,1829,1254,393,105,4848
6,14088,"Tiamat's Wrath (The Expanse, #8)",Science Fiction,James S.A. Corey,4.59,534,2019-03-26,Orbit Books,15107,7032,1010,108,25,23282
7,13508,Machines Like Me,Science Fiction,Ian McEwan,3.62,337,2019-04-23,Nan A. Talese,2488,5089,4068,1294,305,13244
8,11829,Exhalation,Science Fiction,Ted Chiang,4.3,,,None,9961,7581,2491,454,115,20602
9,9095,The Test,Science Fiction,Sylvain Neuvel,3.86,108,2019-03-01,St Martin's Press,2076,4360,2148,427,102,9113
10,8368,"Fall, Or Dodge in Hell",Science Fiction,Neal Stephenson,3.57,883,2019-06-04,William Morrow,2131,3261,2757,1205,385,9739
11,4029,"One Word Kill (Impossible Times, #1)",Science Fiction,Mark  Lawrence,3.76,194,2019-05-01,47North,3098,5222,3666,873,281,13140
12,3898,"To Be Taught, If Fortunate",Science Fiction,Becky Chambers,4.24,153,2019-09-03,Harper Voyager,3740,3123,1222,182,63,8330
13,3801,Wanderers,Science Fiction,Chuck Wendig,4.02,782,2019-07-02,Del Rey Books,3544,3389,1585,554,218,9290
14,3258,The City in the Middle of the Night,Science Fiction,Charlie Jane Anders,3.59,368,2019-02-12,Tor Books,963,1620,1289,545,158,4575
15,3109,"A Memory Called Empire (Teixcalaan, #1)",Science Fiction,Arkady Martine,4.18,462,2019-03-26,Tor Books,2785,2474,849,234,98,6440
16,2953,"Thrawn: Treason (Star Wars: Thrawn, #3)",Science Fiction,Timothy Zahn,4.24,334,2019-07-23,Del Rey,2603,2507,796,125,25,6056
17,2945,The Future of Another Timeline,Science Fiction,Annalee Newitz,3.81,352,2019-09-24,Tor Books,683,949,622,175,62,2491
18,1728,Here and Now and Then,Science Fiction,Mike Chen,3.78,336,2019-01-29,MIRA,1077,1786,1289,300,65,4517
19,1699,"Children of Ruin (Children of Time, #2)",Science Fiction,Adrian Tchaikovsky,4.09,571,2019-05-14,Orbit,3433,4012,1718,344,58,9565
20,584,The Light Brigade,Science Fiction,Kameron Hurley,3.99,356,2019-03-19,Saga Press,1358,1584,803,211,60,4016
1,75717,The Institute,Horror,Stephen King,4.21,561,2019-09-10,Scribner,35610,33585,10792,1967,1030,82984
2,22865,Imaginary Friend,Horror,Stephen Chbosky,3.51,705,2019-10-01,Grand Central Publishing,2938,4384,3794,1833,740,13689
3,17847,The Girl in Red,Horror,Christina Henry,3.72,293,2019-06-18,Berkley,1188,2157,1397,402,149,5293
4,12016,The Invited,Horror,Jennifer  McMahon,3.79,353,2019-04-30,Doubleday,2241,4570,2787,604,156,10358
5,11966,The Lost Causes of Bleak Creek,Horror,"Rhett McLaughlin, Link Neal, Lance Rubin",4.05,326,2019-10-29,Crown,1557,1444,762,205,67,4035
6,9941,Full Throttle,Horror,Joe Hill,4.05,480,2019-10-01,William Morrow,1958,2808,1154,171,43,6134
7,7352,Bunny,Horror,Mona Awad,3.49,307,2019-06-11,Viking,1680,2882,2414,1111,483,8570
8,5825,Wakenhyrst,Horror,Michelle Paver,3.94,359,2019-04-11,Head of Zeus,1610,2490,1229,257,70,5656
9,5055,The Twisted Ones,Horror,T. Kingfisher,3.69,381,2019-10-01,Gallery / Saga Press,919,1577,1089,378,111,4074
10,4587,A Cosmology of Monsters,Horror,Shaun Hamill,3.87,336,2019-09-17,Pantheon Books,748,1029,599,167,50,2593
11,1974,No One's Home,Horror,D.M. Pulley,3.92,400,2019-09-01,Thomas & Mercer,735,870,537,128,40,2310
12,1960,Growing Things and Other Stories,Horror,Paul Tremblay,3.53,352,2019-07-02,William Morrow,491,922,808,305,106,2632
13,1815,Song for the Unraveling of the World,Horror,Brian Evenson,3.9,240,2019-06-11,Coffee House Press,251,367,192,55,12,877
14,1600,The Toll,Horror,Cherie Priest,3.42,336,2019-07-09,Tor Books,172,432,450,171,35,1260
15,1273,Violet,Horror,Scott   Thomas,3.56,437,2019-09-24,Inkshares,216,381,312,124,43,1076
16,1234,The Remaking,Horror,Clay McLeod Chapman,3.33,320,2019-10-08,Quirk Books,123,231,319,132,33,838
17,1121,The Monster of Elendhaven,Horror,Jennifer Giesbrecht,3.58,160,2019-09-24,Tor.com,483,843,756,275,67,2424
18,1074,The Luminous Dead,Horror,Caitlin  Starling,3.72,415,2019-04-02,Harper Voyager,907,1260,928,341,99,3535
19,748,The Need,Horror,Helen          Phillips,3.19,272,2019-07-09,Simon  Schuster,794,1982,2412,1250,491,6929
20,501,Petra's Ghost,Horror,C.S.  O’Cinneide,3.9,288,2019-07-20,Dundurn,61,69,34,11,8,183
1,41454,"Dear Girls: Intimate Tales, Untold Secrets, & Advice for Living Your Best Life",Humor,"Ali Wong, Justin Hakuta",3.94,216,2019-10-15,Random House,8056,12087,6098,1167,415,27823
2,17229,Life Will Be the Death of Me: . . . and You Too!,Humor,Chelsea Handler,4.06,256,2019-04-09,Spiegel & Grau,6174,6706,3104,648,275,16907
3,13978,William Shakespeare's Much Ado About Mean Girls,Humor,Ian Doescher,3.96,176,2019-04-23,Quirk Books,241,336,193,31,7,808
4,12900,Do You Mind If I Cancel? (Things That Still Annoy Me),Humor,Gary Janetti,3.56,159,2019-10-22,Flatiron Books,1174,1799,1734,601,234,5542
5,11423,Southern Lady Code,Humor,Helen Ellis,3.63,203,2019-04-16,Doubleday Books,1133,2010,1731,525,143,5542
6,10347,The Field Guide to Dumb Birds of North America,Humor,Matt Kracht,4,176,2019-04-02,Chronicle Books,345,313,176,52,22,908
7,9402,"Riding the Elephant: A Memoir of Altercations, Humiliations, Hallucinations, and Observations",Humor,Craig Ferguson,4.02,267,2019-05-07,Blue Rider Press,479,660,300,53,15,1507
8,8649,Hope Rides Again (Obama Biden Mysteries #2),Humor,Andrew Shaffer,3.59,288,,None,192,475,459,89,20,1235
9,8601,Small Doses,Humor,Amanda Seales,4.37,320,2019-10-22,Harry N. Abrams,355,111,66,24,10,566
10,7314,A Woman First: First Woman: A Memoir,Humor,Selina Meyer,3.66,,,None,127,259,215,54,9,664
11,3124,Twas the Nightshift before Christmas,Humor,Adam Kay,4.19,142,2019-10-15,Picador,10063,8275,3574,575,310,22797
12,2985,Good Things Happen to People You Hate: Essays,Humor,Rebecca Fishbein,3.5,224,2019-10-15,William Morrow,68,64,79,37,16,264
13,2843,Mr. Know-It-All: The Tarnished Wisdom of a Filth Elder,Humor,John Waters,3.81,372,2019-05-21,"Farrar, Straus and Giroux",286,583,326,81,15,1291
14,2396,Effin' Birds: A Field Guide to Identification,Humor,Aaron  Reynolds,4.16,,,None,201,129,66,16,12,424
15,2218,"Baby, Don't Hurt Me: Stories and Scars from Saturday Night Live",Humor,"Chris Kattan, Travis Thrasher, Seth Meyers",3.63,270,2019-05-07,Benbella Books,83,181,142,41,10,457
16,1909,"Brilliant, Brilliant, Brilliant Brilliant Brilliant",Humor,Joel Golby,3.73,304,2019-03-05,Anchor Books,218,321,249,80,17,885
17,1681,Medallion Status: True Stories from Secret Rooms,Humor,John Hodgman,4.21,304,2019-10-15,Viking,984,1122,332,38,18,2494
18,1625,Nice Try: Stories of Best Intentions and Mixed Results,Humor,Josh Gondelman,3.88,272,2019-09-17,Harper Perennial,175,262,144,39,9,629
19,1623,"When Life Gives You Pears: The Healing Power of Family, Faith, and Funny People",Humor,"Jeannie Gaffigan, Jim Gaffigan",4.24,320,2019-10-01,Grand Central Publishing,1103,954,326,58,24,2465
20,997,Someone Who Will Love You in All Your Damaged Glory: Stories,Humor,Raphael Bob-Waksberg,4.2,256,2019-06-11,Knopf Publishing Group,1519,1220,507,126,28,3400
1,31276,"Girl, Stop Apologizing: A Shame-Free Plan for Embracing and Achieving Your Goals",Nonfiction,Rachel Hollis,3.97,240,2019-03-05,HarperCollins Leadership,15868,12110,7056,2329,1733,39096
2,29382,Stay Sexy & Don't Get Murdered: The Definitive How-To Guide,Nonfiction,"Karen Kilgariff, Georgia Hardstark",4.16,304,2019-05-28,Forge Books,16645,12811,6306,1420,437,37619
3,25429,"Maybe You Should Talk to Someone: A Therapist, Her Therapist, and Our Lives Revealed",Nonfiction,Lori Gottlieb,4.39,415,2019-04-02,Houghton Mifflin Harcourt,39333,25187,6880,1289,549,73238
4,25118,"Catch and Kill: Lies, Spies, and a Conspiracy to Protect Predators",Nonfiction,Ronan Farrow,4.52,448,2019-10-15,"Little, Brown and Company",23034,11544,2457,307,151,37493
5,24294,Everything Is F*cked: A Book About Hope,Nonfiction,Mark Manson,3.76,288,2019-05-14,Harper,6789,7475,5654,2183,757,22858
6,22702,Talking to Strangers: What We Should Know about the People We Don't Know,Nonfiction,Malcolm Gladwell,4.04,388,2019-09-10,"Little, Brown and Company",26531,28113,13141,3143,1317,72245
7,15892,Three Women,Nonfiction,Lisa Taddeo,3.7,304,2019-07-09,Avid Reader Press / Simon & Schuster,12495,17261,13664,4728,1334,49482
8,14825,American Predator: The Hunt for the Most Meticulous Serial Killer of the 21st Century,Nonfiction,Maureen Callahan,4.08,285,2019-07-02,Viking,3447,5136,1830,269,65,10747
9,12091,She Said: Breaking the Sexual Harassment Story That Helped Ignite a Movement,Nonfiction,"Jodi Kantor, Megan Twohey",4.41,310,2019-09-10,Penguin Press,7878,6080,1263,91,33,15345
10,11641,The Moment of Lift: How Empowering Women Changes the World,Nonfiction,Melinda Gates,4.31,273,2019-04-23,Flatiron Books,12655,8726,2780,572,329,25062
11,5075,The Witches Are Coming,Nonfiction,Lindy West,4.2,260,2019-11-05,Hachette Books,4036,3936,1387,216,93,9668
12,4966,Parkland: Birth of a Movement,Nonfiction,Dave Cullen,4.05,385,2019-02-12,Harper,1368,1705,737,121,59,3990
13,4764,Embrace Your Weird: Face Your Fears and Unleash Creativity,Nonfiction,Felicia Day,4.06,272,2019-10-01,Gallery Books,399,333,190,55,13,990
14,4521,The Collected Schizophrenias: Essays,Nonfiction,Esmé Weijun Wang,4.16,208,2019-02-05,Graywolf Press,3135,3351,1242,219,55,8002
15,4469,Trick Mirror: Reflections on Self-Delusion,Nonfiction,Jia Tolentino,4.25,303,2019-08-06,Random House,9165,7458,2561,566,134,19884
16,4227,"Furious Hours: Murder, Fraud, and the Last Trial of Harper Lee",Nonfiction,Casey Cep,3.82,336,2019-05-07,Knopf Publishing Group,2794,4935,2940,641,224,11534
17,2215,"Blowout: Corrupted Democracy, Rogue State Russia, and the Richest, Most Destructive Industry on Earth",Nonfiction,Rachel  Maddow,4.41,406,2019-10-01,Crown,3601,2073,569,83,80,6406
18,2184,How to Be an Antiracist,Nonfiction,Ibram X. Kendi,4.47,320,2019-08-13,One World,3342,1858,441,68,28,5737
19,1239,Thick: And Other Essays,Nonfiction,Tressie McMillan Cottom,4.46,248,,None,3020,1724,404,62,25,5235
20,675,"Grace Will Lead Us Home: The Charleston Church Massacre and the Hard, Inspiring Journey to Forgiveness",Nonfiction,Jennifer Berry Hawes,4.52,309,2019-06-04,St. Martin's Press,356,219,30,5,0,610
1,28977,Over the Top: A Raw Journey to Self-Love,Memoir & Autobiography,Jonathan Van Ness,4.24,269,2019-09-24,HarperOne,10635,10018,3597,441,88,24779
2,23817,Know My Name,Memoir & Autobiography,Chanel Miller,4.71,368,2019-09-24,Viking,20578,3967,969,304,198,26016
3,21228,Home Work: A Memoir of My Hollywood Years,Memoir & Autobiography,"Julie Andrews Edwards, Emma Walton Hamilton",3.86,560,2019-10-15,Hachette Books,1569,2301,1607,275,66,5818
4,20852,"Maid: Hard Work, Low Pay, and a Mother's Will to Survive",Memoir & Autobiography,"Stephanie  Land, Barbara Ehrenreich",3.73,270,2019-01-22,Hachette Books,6641,11884,8009,2313,677,29524
5,18633,Me,Memoir & Autobiography,Elton John,4.35,374,2019-10-15,Henry Holt & Company,10224,6667,1956,308,303,19458
6,13807,"Inheritance: A Memoir of Genealogy, Paternity, and Love",Memoir & Autobiography,Dani Shapiro,3.92,252,2019-01-15,Knopf Publishing Group,7498,11532,6036,1327,312,26705
7,12918,Inside Out,Memoir & Autobiography,Demi Moore,3.86,272,2019-09-24,Harper,4660,7313,4556,833,275,17637
8,9791,"From Scratch: A Memoir of Love, Sicily, and Finding Home",Memoir & Autobiography,Tembi Locke,3.9,339,2019-04-30,Simon & Schuster,3698,4493,2555,636,366,11748
9,9340,How We Fight For Our Lives,Memoir & Autobiography,Saeed Jones,4.3,192,2019-10-08,Simon and Schuster,3029,2471,746,121,45,6412
10,9000,Toil & Trouble,Memoir & Autobiography,Augusten Burroughs,4.01,320,2019-10-01,St. Martin's Press,1267,1366,638,178,82,3531
11,4379,Year of the Monkey,Memoir & Autobiography,Patti Smith,3.89,171,2019-09-24,Knopf,1786,1965,1219,329,177,5476
12,3935,In the Dream House: A Memoir,Memoir & Autobiography,Carmen Maria Machado,4.58,264,2019-11-05,Graywolf Press,7983,2813,723,158,55,11732
13,3331,Permanent Record,Memoir & Autobiography,Edward Snowden,4.39,339,2019-09-17,Metropolitan Books,9230,6017,1584,274,102,17207
14,3072,More Than Enough: Claiming Space for Who You Are (No Matter What They Say),Memoir & Autobiography,Elaine Welteroth,4.41,336,2019-06-11,Viking,1657,949,297,43,19,2965
15,3009,Long Live the Tribe of Fatherless Girls,Memoir & Autobiography,T Kira Madden,4.3,336,2019-03-05,Bloomsbury Publishing,1811,1198,453,100,23,3585
16,2652,Prognosis: A Memoir of My Brain,Memoir & Autobiography,Sarah Vallance,3.87,284,2019-08-01,Little A,1747,1818,1125,315,221,5226
17,2289,Sounds Like Titanic,Memoir & Autobiography,Jessica Chiccehitto Hindman,3.91,256,2019-02-12,W. W. Norton  Company,537,667,378,107,32,1721
18,2202,"The Unwinding of the Miracle: A Memoir of Life, Death, and Everything That Comes After",Memoir & Autobiography,Julie Yip-Williams,4.12,315,2019-01-08,Random House,2662,2452,1126,258,87,6585
19,2156,What Is a Girl Worth?: My Story of Breaking the Silence and Exposing the Truth about Larry Nassar and USA Gymnastics,Memoir & Autobiography,Rachael Denhollander,4.67,352,2019-09-10,Tyndale Momentum,1337,371,70,19,7,1804
20,1306,"Wild Game: My Mother, Her Lover, and Me",Memoir & Autobiography,Adrienne Brodeur,4.02,256,2019-10-15,Houghton Mifflin Harcourt,3665,5268,2267,386,124,11710
1,31783,The Five: The Untold Lives of the Women Killed by Jack the Ripper,History & Biography,Hallie Rubenhold,4.24,333,2019-04-09,Houghton Mifflin Harcourt,4751,3812,1387,289,93,10332
2,19711,Midnight in Chernobyl: The Untold Story of the World's Greatest Nuclear Disaster,History & Biography,Adam Higginbotham,4.42,538,2019-02-12,Simon & Schuster,7644,5801,1153,119,38,14755
3,14733,Say Nothing: A True Story of Murder and Memory in Northern Ireland,History & Biography,Patrick Radden Keefe,4.43,441,2019-02-26,Doubleday,14346,8073,1904,447,253,25023
4,13545,Before and After: The Incredible Real-Life Stories of Orphans Who Survived the Tennessee Children's Home Society,History & Biography,"Judy Christie, Lisa Wingate",4.04,320,2019-10-22,Ballantine Books,1486,1790,860,182,36,4354
5,13252,A Woman of No Importance: The Untold Story of the American Spy Who Helped Win World War II,History & Biography,Sonia Purnell,4.23,368,2019-04-09,Viking,3032,2831,992,156,45,7056
6,11383,The Only Plane in the Sky: An Oral History of 9/11,History & Biography,Garrett M. Graff,4.75,485,2019-09-10,Avid Reader Press / Simon  Schuster,5525,1271,182,38,9,7025
7,10097,The Pioneers: The Heroic Story of the Settlers Who Brought the American Ideal West,History & Biography,David McCullough,3.76,352,2019-05-07,Simon  Schuster,2294,3895,2845,606,211,9851
8,8874,First: Sandra Day O'Connor,History & Biography,Evan Thomas,4.23,496,2019-03-19,Random House,785,780,260,33,8,1866
9,8788,The First Conspiracy: The Secret Plot to Kill George Washington,History & Biography,"Brad Meltzer, Josh Mensch",3.79,413,2019-01-08,Flatiron Books,1584,2356,1637,431,124,6132
10,7711,The Heartbeat of Wounded Knee: Native America from 1890 to the Present,History & Biography,David Treuer,4.18,512,2019-01-22,Riverhead Books,646,674,239,37,13,1609
11,3065,Madame Fourcade's Secret War: The Daring Young Woman Who Led France's Largest Spy Network Against Hitler,History & Biography,Lynne Olson,4.24,464,2019-03-05,Random House,1339,1255,405,56,29,3084
12,2561,How to Hide an Empire: A History of the Greater United States,History & Biography,Daniel Immerwahr,4.45,513,2019-02-19,"Farrar, Straus and Giroux",1400,868,197,28,8,2501
13,2418,Dutch Girl: Audrey Hepburn and World War II,History & Biography,"Robert Matzen, Luca Dotti",3.81,400,2019-04-15,GoodKnight Books,673,1127,730,162,48,2740
14,2251,The Lady from the Black Lagoon: Hollywood Monsters and the Lost Legacy of Milicent Patrick,History & Biography,Mallory O'Meara,4.05,336,2019-03-05,Hanover Square Press,1242,1101,530,176,66,3115
15,2092,Code Name: Lise. The True Story of the Woman Who Became WWII's Most Highly Decorated Spy,History & Biography,Larry Loftis,3.92,384,2019-01-15,Gallery Books,865,1398,744,146,28,3181
16,1772,Upheaval: Turning Points for Nations in Crisis,History & Biography,Jared Diamond,3.84,512,2019-05-07,"Little, Brown and Company",893,1459,822,199,69,3442
17,1664,"The British Are Coming: The War for America, Lexington to Princeton, 1775-1777",History & Biography,Rick Atkinson,4.46,800,2019-05-14,Henry Holt and Co.,1155,651,150,28,11,1995
18,1483,"Spearhead: An American Tank Gunner, His Enemy, and a Collision of Lives In World War II",History & Biography,Adam Makos,4.56,395,2019-02-19,Ballantine Books,1506,625,151,19,10,2311
19,833,The Death and Life of Aida Hernandez: A Border Story,History & Biography,Aaron Bobrow-Strain,4.49,432,2019-04-16,"Farrar, Straus and Giroux",267,106,37,4,6,420
20,595,"The Anarchy: The East India Company, Corporate Violence, and the Pillage of an Empire",History & Biography,William Dalrymple,4.25,544,2019-09-10,Bloomsbury Publishing,857,716,238,44,22,1877
1,29594,Will My Cat Eat My Eyeballs? Big Questions from Tiny Mortals About Death,Science & Technology,"Caitlin Doughty, Dianné Ruz",4.18,222,2019-09-10,W. W. Norton  Company,4390,4811,1768,201,75,11245
2,28859,Invisible Women: Data Bias in a World Designed for Men,Science & Technology,Caroline Criado-Pérez,4.44,411,2019-03-12,Harry N. Abrams,7446,4234,1111,179,73,13043
3,15466,The Body: A Guide for Occupants,Science & Technology,Bill Bryson,4.32,450,2019-10-15,Doubleday Books,6664,5687,1529,200,53,14133
4,13830,How To: Absurd Scientific Advice for Common Real-World Problems,Science & Technology,Randall Munroe,4.19,307,2019-09-03,Riverhead Books,2473,2401,908,161,36,5979
5,12407,Mama's Last Hug: Animal Emotions and What They Tell Us about Ourselves,Science & Technology,Frans de Waal,4.17,336,2019-03-12,W. W. Norton & Company,780,754,280,68,13,1895
6,9468,Digital Minimalism: Choosing a Focused Life in a Noisy World,Science & Technology,Cal Newport,4.07,304,2019-02-05,Portfolio,8436,8968,4099,889,352,22744
7,8174,The Uninhabitable Earth: Life After Warming,Science & Technology,David Wallace-Wells,4.12,310,2019-02-19,Tim Duggan Books,4424,4206,1828,418,141,11017
8,7023,Underland,Science & Technology,Robert Macfarlane,4.25,496,2019-06-04,W.W. Norton & Company,1836,1295,501,111,60,3803
9,6113,"Crisis in the Red Zone: The Story of the Deadliest Ebola Outbreak in History, and of the Outbreaks to Come",Science & Technology,Richard Preston,4.4,375,2019-07-23,Random House,1175,829,204,29,8,2245
10,5890,We Are the Weather: Saving the Planet Begins at Breakfast,Science & Technology,Jonathan Safran Foer,3.77,288,2019-09-17,"Farrar, Straus and Giroux",1263,1743,1317,382,95,4800
11,2899,Never Enough: The Neuroscience and Experience of Addiction,Science & Technology,Judith Grisel,4.06,256,2019-02-19,Doubleday Books,498,540,312,36,8,1394
12,2275,Hacking Darwin: Genetic Engineering and the Future of Humanity,Science & Technology,Jamie Metzl,4.03,352,2019-04-23,Sourcebooks,366,485,222,36,12,1121
13,2202,Indistractable: How to Control Your Attention and Choose Your Life,Science & Technology,"Nir   Eyal, Julie Li",3.81,,,None,1203,1750,1274,300,69,4596
14,1866,Burnout: The Secret to Unlocking the Stress Cycle,Science & Technology,"Emily Nagoski, Amelia Nagoski",3.98,277,,None,1575,1506,840,273,85,4279
15,1583,Because Internet: Understanding the New Rules of Language,Science & Technology,Gretchen McCulloch,4.08,327,2019-07-23,Riverhead Books,1501,1739,801,148,21,4210
16,920,Lifespan: Why We Age—and Why We Don't Have To,Science & Technology,David A. Sinclair,4.25,432,2019-09-10,Atria Books,1260,892,379,87,15,2633
17,914,The Perfect Predator: A Scientist's Race to Save Her Husband from a Deadly Superbug: A Memoir,Science & Technology,"Steffanie Strathdee, Thomas Patterson",4.43,304,2019-02-26,Hachette Book Group,705,414,119,16,3,1257
18,833,Super Pumped: The Battle for Uber,Science & Technology,Mike Isaac,4.18,387,2019-09-03,W. W. Norton  Company,1931,2080,694,121,45,4871
19,790,Something Deeply Hidden: Quantum Worlds and the Emergence of Spacetime,Science & Technology,Sean Carroll,4.1,368,2019-09-10,Dutton,411,475,181,41,12,1120
20,788,Blueprint: The Evolutionary Origins of a Good Society,Science & Technology,Nicholas A. Christakis,3.95,544,2019-03-26,"Little, Brown Spark",287,458,211,46,12,1014
1,25387,Antoni in the Kitchen,Food & Cookbooks,"Antoni Porowski, Mindy Fox, Ted Allen",4.02,272,2019-09-09,Rux Martin/Houghton Mifflin Harcourt,454,449,234,53,29,1219
2,21108,The Adventurous Eaters Club: Mastering the Art of Family Mealtime,Food & Cookbooks,"Misha Collins, Vicki Collins",4.91,288,2019-11-05,HarperOne,1756,58,24,13,4,1855
3,19910,Notes from a Young Black Chef,Food & Cookbooks,"Kwame Onwuachi, Joshua David Stein",3.9,288,2019-04-09,Knopf Publishing Group,865,1348,636,154,76,3079
4,15334,The Little Women Cookbook: Tempting Recipes from the March Sisters and Their Friends and Family,Food & Cookbooks,Wini Moranville,4.17,112,2019-10-01,Harvard Common Press,91,79,33,6,3,212
5,14953,Rachael Ray 50: Memories and Meals from a Sweet and Savory Life,Food & Cookbooks,Rachael Ray,3.93,,,None,107,118,74,15,9,323
6,13561,"Plant-Based on a Budget: Delicious Vegan Recipes for Under $30 a Week, for Less Than 30 Minutes a Meal",Food & Cookbooks,Toni Okamoto,4.25,275,,None,150,86,49,7,4,296
7,13416,Let's Make Ramen!: A Comic Book Cookbook,Food & Cookbooks,"Hugh Amano, Sarah Becan",4.15,192,2019-07-16,Ten Speed Press,232,197,95,15,8,547
8,11220,Save Me the Plums: My Gourmet Memoir,Food & Cookbooks,Ruth Reichl,4.1,266,2019-04-02,Random House,5289,7365,2695,388,94,15831
9,9699,Indian-ish: Recipes and Antics from a Modern American Family,Food & Cookbooks,"Priya Krishna, Ritu Krishna, Padma Lakshmi",4.2,256,2019-04-23,Houghton Mifflin Harcourt,318,294,97,21,10,740
10,7635,"Happiness Is Baking: Cakes, Pies, Tarts, Muffins, Brownies, Cookies: Favorite Desserts from the Queen of Cake",Food & Cookbooks,"Maida Heatter, Dorie Greenspan",4.03,288,2019-04-16,Voracious,74,70,41,9,3,197
11,3521,Forking Good: A Cookbook Inspired by The Good Place,Food & Cookbooks,"Valya Dudycz Lupescu, Stephen H. Segal",4.03,160,2019-10-22,Quirk Books,27,24,12,5,1,69
12,2903,"The Clean Plate: Eat, Reset, Heal",Food & Cookbooks,Gwyneth Paltrow,3.63,288,2019-01-08,Grand Central Publishing,106,121,101,51,17,396
13,2762,Zaitoun: Recipes from the Palestinian Kitchen,Food & Cookbooks,Yasmin    Khan,4.38,256,2019-02-05,W. W. Norton  Company,137,91,29,3,1,261
14,2581,"No Crumbs Left: Whole30 Endorsed, Recipes for Everyday Food Made Marvelous",Food & Cookbooks,Teri Turner,4.47,304,2019-05-21,Houghton Mifflin Harcourt,258,100,31,13,4,406
15,2494,Sunny-Side Up: More Than 100 Breakfast & Brunch Recipes from the Essential Egg to the Perfect Pastry,Food & Cookbooks,Waylynn Lucas,3.88,,,None,22,27,25,0,2,76
16,2286,Binging with Babish: 100 Recipes Recreated from Your Favorite Movies and TV Shows,Food & Cookbooks,Andrew Rea,4.38,336,2019-10-22,Houghton Mifflin Harcourt,164,102,32,2,4,304
17,2149,Midnight Chicken: & Other Recipes Worth Living For,Food & Cookbooks,Ella Risbridger,4.43,288,2019-01-10,Bloomsbury Publishing,292,144,43,13,3,495
18,927,Nothing Fancy,Food & Cookbooks,Alison Roman,4.29,320,2019-10-22,Clarkson Potter Publishers,452,180,90,36,22,780
19,897,Mostly Plants: 101 Delicious Flexitarian Recipes from the Pollan Family,Food & Cookbooks,"Tracy Pollan, Dana Pollan, Lori Pollan, Corky Pollan, Michael Pollan",3.92,272,2019-04-16,Harper Wave,110,114,71,24,6,325
20,876,Burn the Place: A Memoir,Food & Cookbooks,Iliana Regan,3.79,250,2019-07-16,Agate Midway,227,278,234,47,22,808
1,29624,Pumpkinheads,Graphic Novels & Comics,"Rainbow Rowell, Faith Erin Hicks",4.14,209,2019-08-27,First Second,10944,11561,4692,699,260,28156
2,28460,"Heartstopper: Volume Two (Heartstopper, #2)",Graphic Novels & Comics,Alice Oseman,4.66,320,,None,11925,3785,721,71,31,16533
3,23606,The Handmaid's Tale: The Graphic Novel,Graphic Novels & Comics,"Renée Nault, Margaret Atwood",4.23,240,2019-03-26,Nan A. Talese/Doubleday,3884,3381,998,223,140,8626
4,19574,They Called Us Enemy,Graphic Novels & Comics,"George Takei, Justin Eisinger, Steven Scott, Harmony Becker",4.48,208,2019-07-16,Top Shelf Productions,6330,3354,737,129,86,10636
5,18200,Book Love,Graphic Novels & Comics,Debbie Tung,4.24,137,2019-01-01,Andrews McMeel Publishing,4484,2559,1247,281,183,8754
6,17730,Teen Titans: Raven,Graphic Novels & Comics,"Kami Garcia, Gabriel Picolo",3.97,192,2019-07-02,DC Ink,2290,2858,1726,313,53,7240
7,16832,Shades of Magic Vol. 1: The Steel Prince,Graphic Novels & Comics,"V.E. Schwab, Andrea Olimpieri",3.7,112,2019-03-06,Titan Comics,2181,2106,1591,525,545,6948
8,14237,"The Umbrella Academy, Vol. 3: Hotel Oblivion",Graphic Novels & Comics,"Gerard Way, Gabriel Bá",3.67,216,2019-09-17,Dark Horse Comics,650,1042,943,277,46,2958
9,9005,Mooncakes,Graphic Novels & Comics,"Suzanne  Walker, Wendy  Xu",3.9,256,2019-10-22,Oni Press,1573,2125,1414,289,48,5449
10,8516,"Paper Girls, Vol. 5",Graphic Novels & Comics,"Brian K. Vaughan, Cliff Chiang, Matthew Wilson",4.22,128,2018-12-11,Image Comics,2554,3280,894,66,8,6802
11,4163,Kid Gloves: Nine Months of Careful Chaos,Graphic Novels & Comics,Lucy Knisley,4.39,247,2019-02-26,First Second,3225,2000,493,110,66,5894
12,4075,Bloom,Graphic Novels & Comics,"Kevin Panetta, Savanna Ganucheau",4.11,368,2019-01-29,First Second,4395,4918,2181,352,73,11919
13,4028,Laura Dean Keeps Breaking Up with Me,Graphic Novels & Comics,"Mariko Tamaki, Rosemary Valero-O'Connell",4.14,304,2019-05-07,First Second,4743,4755,1924,413,122,11957
14,3543,Good Talk: A Memoir in Conversations,Graphic Novels & Comics,Mira Jacob,4.48,349,2019-03-26,One World,4636,2183,498,139,87,7543
15,2954,Under the Moon: A Catwoman Tale,Graphic Novels & Comics,"Lauren Myracle, Isaac Goodhart",3.68,205,2019-05-07,DC Ink,532,838,643,214,67,2294
16,2452,The Adventure Zone: Murder on the Rockport Limited!,Graphic Novels & Comics,"Clint McElroy, Griffin McElroy, Justin McElroy, Travis McElroy, Carey Pietsch",4.66,240,2019-07-16,First Second,4238,1448,259,21,8,5974
17,1939,"Monstress, Vol. 4: The Chosen",Graphic Novels & Comics,"Marjorie M. Liu, Sana Takeda",4.24,176,2019-10-01,Image Comics,1146,1252,383,40,6,2827
18,1370,"Fence, Vol. 3",Graphic Novels & Comics,"C.S. Pacat, Johanna the Mad, Joana LaFuente",4.2,112,2019-08-20,BOOM! Box,1428,1639,523,64,12,3666
19,1168,"""Okay"" (The Wicked + The Divine #9)",Graphic Novels & Comics,"Kieron Gillen, Jamie McKelvie, Matt Wilson",4.26,168,2019-10-08,Image Comics,816,670,237,50,5,1778
20,567,"Die, Vol. 1: Fantasy Heartbreaker",Graphic Novels & Comics,"Kieron Gillen, Stephanie Hans, Clayton Cowles",4.1,184,2019-06-11,Image Comics,907,900,405,99,21,2332
1,18911,SHOUT,Poetry,Laurie Halse Anderson,4.33,296,2019-03-12,Viking Books,5589,3795,1308,234,71,10997
2,18710,The Mermaid's Voice Returns in This One,Poetry,Amanda Lovelace,3.76,208,2019-03-05,Andrews McMeel Publishing,2162,2557,2192,658,175,7744
3,14270,The Truth About Magic,Poetry,Atticus Poetry,4.03,256,2019-09-10,St. Martin's Griffin,1182,686,416,147,131,2562
4,11598,Lord of the Butterflies,Poetry,Andrea Gibson,4.53,96,2018-11-27,Button Poetry,1029,381,118,30,9,1567
5,9777,Great Goddesses: Life Lessons from Myths and Monsters,Poetry,Nikita Gill,4.21,256,2019-09-05,Ebury Press,751,521,238,62,16,1588
6,9311,Love Looks Pretty on You,Poetry,Lang Leav,3.82,224,2019-01-29,Andrews McMeel Publishing,885,949,761,203,74,2872
7,8200,A Bound Woman Is a Dangerous Thing: The Incarceration of African American Women from Harriet Tubman to Sandra Bland,Poetry,DaMaris B. Hill,4.01,192,2019-01-15,Bloomsbury Publishing,143,155,73,18,10,399
8,7741,When You Ask Me Where I'm Going,Poetry,Jasmin Kaur,4.01,256,2019-10-01,HarperCollins,282,284,158,39,13,776
9,5925,Empty Bottles Full of Stories,Poetry,"R.H. Sin, Robert M. Drake",3.69,240,2019-02-05,Andrews McMeel Publishing,481,391,393,170,71,1506
10,5777,Life of the Party,Poetry,Olivia Gatwood,4.31,128,2019-08-27,Dial Press,669,403,152,50,8,1282
11,2690,Magical Negro,Poetry,Morgan  Parker,4.31,112,2019-02-05,Tin House Books,680,529,136,33,15,1393
12,2246,Almost Home: Poems,Poetry,Madisen Kuhn,4.39,224,2019-10-01,Gallery Books,242,88,47,13,5,395
13,2026,The Tradition,Poetry,Jericho Brown,4.33,77,2019-04-02,Copper Canyon Press,609,448,138,24,7,1226
14,1817,Deaf Republic,Poetry,Ilya Kaminsky,4.5,80,2019-03-05,Graywolf Press,1430,626,173,33,16,2278
15,1665,Soft Science,Poetry,Franny Choi,4.18,100,2019-04-02,Alice James Books,361,267,115,44,5,792
16,1644,I'm Not Your Paper Princess,Poetry,J.R. Rogue,4.32,,,None,60,13,20,3,1,97
17,1485,The Octopus Museum,Poetry,Brenda Shaughnessy,3.74,96,2019-03-19,Knopf Publishing Group,78,146,84,31,7,346
18,1477,Aphrodite Made Me Do It,Poetry,Trista Mateer,4.09,224,2019-10-01,Central Avenue Publishing,603,495,277,71,17,1463
19,1286,A Fortune for Your Disaster,Poetry,Hanif Abdurraqib,4.46,120,2019-09-03,Tin House Books,403,219,66,5,2,695
20,899,The Girl Aquarium,Poetry,Jen Campbell,3.79,71,2019-07-17,Bloodaxe Books,73,131,83,23,3,313
1,60656,"Red, White & Royal Blue",Debut Novel,Casey McQuiston,4.3,421,2019-05-14,St. Martin's Griffin,47416,26638,10715,3052,1212,89033
2,44936,The Silent Patient,Debut Novel,Alex Michaelides,4.07,325,2019-02-05,Celadon Books,106227,119341,50682,11158,3798,291206
3,26662,"My Sister, the Serial Killer",Debut Novel,Oyinkan Braithwaite,3.76,226,2018-11-20,Doubleday Books,18016,42744,27120,5068,1262,94210
4,18657,The Ten Thousand Doors of January,Debut Novel,Alix E. Harrow,4.11,374,2019-09-10,Redhook,8975,7803,3548,986,333,21645
5,18350,The Water Dancer,Debut Novel,Ta-Nehisi Coates,4.08,403,2019-09-24,One World,12879,13483,6294,1254,389,34299
6,16722,Evvie Drake Starts Over,Debut Novel,Linda  Holmes,3.89,289,2019-06-25,Ballantine Books,13125,25515,13049,2269,583,54541
7,13688,On Earth We're Briefly Gorgeous,Debut Novel,Ocean Vuong,4.07,246,2019-06-04,Penguin Press,15799,14222,7135,1966,639,39761
8,12315,A Woman Is No Man,Debut Novel,Etaf Rum,4.24,336,2019-03-05,Harper,18911,16792,5760,1070,311,42844
9,11746,The Secrets We Kept,Debut Novel,Lara Prescott,3.72,349,2019-09-03,Knopf Publishing Group,4761,11098,7660,1551,352,25422
10,11242,Queenie,Debut Novel,Candice Carty-Williams,3.76,330,2019-03-19,Gallery/Scout Press,6950,13067,8382,2117,561,31077
11,5457,"Serpent & Dove (Serpent & Dove, #1)",Debut Novel,Shelby Mahurin,4.18,513,2019-09-03,HarperTeen,13310,10681,4140,1286,404,29821
12,5405,Miracle Creek,Debut Novel,Angie  Kim,3.91,355,2019-04-16,Sarah Crichton Books,7623,13730,6710,1278,391,29732
13,4648,The Most Fun We Ever Had,Debut Novel,Claire Lombardo,4.03,532,2019-06-25,Doubleday Books,8673,10851,4561,1044,396,25525
14,4607,Boy Swallows Universe,Debut Novel,Trent Dalton,4.43,453,2019-04-02,Harper,16522,8159,2382,591,295,27949
15,3697,When All Is Said,Debut Novel,Anne  Griffin,4.06,326,2019-03-05,Thomas Dunne Books,7217,7592,3600,796,289,19494
16,3674,House of Salt and Sorrows,Debut Novel,Erin A. Craig,3.96,403,2019-08-06,Delacorte,5153,6850,3468,850,210,16531
17,3569,"We Hunt the Flame (Sands of Arawiya, #1)",Debut Novel,Hafsah Faizal,3.81,472,2019-05-14,"Farrar, Straus and Giroux",2572,3001,1884,744,255,8456
18,3145,"Gideon the Ninth (The Locked Tomb, #1)",Debut Novel,Tamsyn Muir,4.25,448,2019-09-10,Tor,6710,4556,1600,518,225,13609
19,3041,The Friend Zone,Debut Novel,Abby Jimenez,3.92,384,2019-06-11,Forever,7365,7152,4304,1498,600,20919
20,2525,Fleishman Is in Trouble,Debut Novel,Taffy Brodesser-Akner,3.71,373,2019-06-18,Random House,7927,12121,8636,2840,969,32493
1,36232,Five Feet Apart,Young Adult Fiction,"Rachael Lippincott, Mikki Daughtry, Tobias Iaconis",4.18,288,2018-11-20,Simon  Schuster Books for Young Readers,25937,20194,9405,2011,681,58228
2,34932,On the Come Up,Young Adult Fiction,Angie Thomas,4.3,447,2019-02-05,Balzer + Bray,22013,20571,5402,702,221,48909
3,23010,With the Fire on High,Young Adult Fiction,Elizabeth Acevedo,4.26,392,2019-05-07,Quill Tree Books,10927,10127,3149,417,163,24783
4,21419,Two Can Keep a Secret,Young Adult Fiction,Karen M. McManus,3.97,329,2019-01-08,Delacorte Press,10168,15229,7837,1270,236,34740
5,20415,The Fountains of Silence,Young Adult Fiction,Ruta Sepetys,4.31,512,2019-10-01,Philomel Books,6568,5342,1619,195,77,13801
6,20395,"Again, but Better",Young Adult Fiction,Christine Riccio,3.68,373,2019-05-07,Wednesday Books,4554,5187,3951,1711,813,16216
7,16048,I Wish You All the Best,Young Adult Fiction,Mason Deaver,4.15,329,2019-05-14,Push,3857,3416,1590,291,98,9252
8,15030,"The Vanishing Stair (Truly Devious, #2)",Young Adult Fiction,Maureen Johnson,4.27,369,2019-01-22,Katherine Tegen Books,8453,8875,2404,274,52,20058
9,14322,"American Royals (American Royals, #1)",Young Adult Fiction,Katharine McGee,3.86,448,2019-09-03,Random House Books for Young Readers,5204,7893,4821,1133,308,19359
10,11979,The Rest of the Story,Young Adult Fiction,Sarah Dessen,4.08,440,2019-06-04,Balzer + Bray,4986,6029,2736,388,107,14246
11,5815,"Capturing the Devil (Stalking Jack the Ripper, #4)",Young Adult Fiction,Kerri Maniscalco,4.3,453,2019-09-10,JIMMY Patterson,3892,2459,993,217,59,7620
12,4874,Internment,Young Adult Fiction,Samira Ahmed,3.92,387,2019-03-19,"Little, Brown Books for Young Readers",2979,3082,2001,611,160,8833
13,4657,"The Princess and the Fangirl (Once Upon a Con, #2)",Young Adult Fiction,Ashley Poston,3.89,320,2019-04-02,Quirk Books,1644,2481,1493,310,62,5990
14,4538,"Frankly in Love (Frankly in Love, #1)",Young Adult Fiction,David  Yoon,3.84,432,2019-09-10,G.P. Putnam’s Sons Books for Young Readers,2739,4632,2601,655,174,10801
15,3060,Serious Moonlight,Young Adult Fiction,Jenn Bennett,3.77,426,2019-04-16,Simon Pulse,1068,2078,1397,279,72,4894
16,2876,Opposite of Always,Young Adult Fiction,Justin A. Reynolds,3.73,464,2019-03-05,Katherine Tegen Books,1840,3315,2493,581,140,8369
17,1958,The Grace Year,Young Adult Fiction,Kim Liggett,4.15,416,2019-10-08,Wednesday Books,5359,5004,1975,478,148,12964
18,1707,Lovely War,Young Adult Fiction,Julie Berry,4.27,480,2019-03-05,Viking Books for Young Readers,3427,2671,950,176,44,7268
19,1464,Love From A to Z,Young Adult Fiction,S.K. Ali,4.11,384,2019-04-30,Salaam Reads,1758,1714,766,167,56,4461
20,1264,Birthday,Young Adult Fiction,Meredith Russo,4.27,288,2019-05-21,Flatiron Books,2481,1861,607,105,92,5146
1,48181,"The Wicked King (The Folk of the Air, #2)",Young Adult Fantasy,"Holly Black, Kathleen Jennings",4.44,336,2019-01-08,"Little, Brown Books for Young Readers",52850,30075,7833,1327,520,92605
2,39909,"Wayward Son (Simon Snow, #2)",Young Adult Fantasy,"Rainbow Rowell, Jim Tierney",4.09,356,2019-09-24,Wednesday Books,13506,13859,6284,1453,322,35424
3,35431,"Queen of Air and Darkness (The Dark Artifices, #3)",Young Adult Fantasy,Cassandra Clare,4.36,912,2018-12-04,Margaret K. McElderry Books,27291,15013,5355,1303,479,49441
4,25250,"King of Scars (Nikolai Duology, #1)",Young Adult Fantasy,Leigh Bardugo,4.22,514,2019-01-29,Imprint,14186,12764,4817,819,216,32802
5,23072,Wilder Girls,Young Adult Fantasy,Rory Power,3.6,357,2019-07-09,Delacorte Press,3779,7129,6262,2039,406,19615
6,20323,"The Toll (Arc of a Scythe, #3)",Young Adult Fantasy,Neal Shusterman,4.3,625,2019-11-05,Simon & Schuster Books for Young Readers,12358,8466,3084,653,164,24725
7,17037,"A Curse So Dark and Lonely (Cursebreakers, #1)",Young Adult Fantasy,Brigid Kemmerer,4.21,484,2019-01-29,Bloomsbury YA,15239,13162,4780,1099,315,34595
8,15942,"Finale (Caraval, #3)",Young Adult Fantasy,Stephanie Garber,4.19,478,2019-05-07,Flatiron Books,12760,9451,4415,1125,266,28017
9,15723,Sorcery of Thorns,Young Adult Fantasy,Margaret  Rogerson,4.15,453,2019-06-04,Margaret K. McElderry Books,11610,10864,4718,974,261,28427
10,14457,"Aurora Rising (The Aurora Cycle, #1)",Young Adult Fantasy,"Amie Kaufman, Jay Kristoff",4.17,473,2019-05-07,Knopf Books for Young Readers,8245,6765,2746,745,268,18769
11,7423,"Supernova (Renegades, #3)",Young Adult Fantasy,Marissa Meyer,4.44,552,2019-11-05,Feiwel & Friends,7702,4343,1213,191,58,13507
12,5699,"Defy Me (Shatter Me, #5)",Young Adult Fantasy,Tahereh Mafi,4.2,352,2019-04-02,HarperTeen,8053,5242,2543,701,232,16771
13,4484,"Bloodwitch (The Witchlands, #3)",Young Adult Fantasy,Susan Dennard,4.32,464,2019-02-12,Tor Teen,3191,2156,730,142,51,6270
14,4477,"Call Down the Hawk (Dreamer Trilogy, #1)",Young Adult Fantasy,Maggie Stiefvater,4.41,472,2019-11-05,Scholastic Press,6987,4426,1155,210,63,12841
15,4057,Four Dead Queens,Young Adult Fantasy,Astrid Scholte,3.77,413,2019-02-26,G.P. Putnam's Sons Books for Young Readers,2428,3637,2481,755,218,9519
16,4055,"Rebel (Legend, #4)",Young Adult Fantasy,Marie Lu,4.15,376,2019-10-01,Roaring Brook Press,2999,2545,1256,255,51,7106
17,2580,"The Secret Commonwealth (The Book of Dust, #2)",Young Adult Fantasy,Philip Pullman,4.12,633,2019-10-03,Alfred A. Knopf Books for Young Readers,8462,7917,3597,891,196,21063
18,2482,"Serpent & Dove (Serpent & Dove, #1)",Young Adult Fantasy,Shelby Mahurin,4.18,513,2019-09-03,HarperTeen,13313,10682,4140,1286,404,29825
19,1916,"We Hunt the Flame (Sands of Arawiya, #1)",Young Adult Fantasy,Hafsah Faizal,3.81,472,2019-05-14,"Farrar, Straus and Giroux",2572,3001,1884,744,255,8456
20,1859,"The Gilded Wolves (The Gilded Wolves, #1)",Young Adult Fantasy,Roshani Chokshi,3.66,388,2019-01-15,Wednesday Books,3046,5386,3736,1443,409,14020
1,33333,"The Tyrant's Tomb (The Trials of Apollo, #4)",Middle Grade & Children's,Rick Riordan,4.28,440,2019-09-24,Disney-Hyperion,8033,4915,1631,464,373,15416
2,30557,"Tunnel of Bones (Cassidy Blake, #2)",Middle Grade & Children's,Victoria Schwab,4.12,287,2019-09-03,Scholastic Press,2919,4351,1531,105,23,8929
3,20488,Guts,Middle Grade & Children's,Raina Telgemeier,4.37,213,2019-09-17,Graphix,9131,5202,1869,313,177,16692
4,10979,The Remarkable Journey of Coyote Sunrise,Middle Grade & Children's,Dan Gemeinhart,4.49,344,2019-01-08,Henry Holt & Company (BYR),4035,1781,498,99,52,6465
5,10452,"New Kid (New Kid, #1)",Middle Grade & Children's,Jerry Craft,4.11,256,2019-02-05,Quill Tree Books,8723,6710,2491,748,850,19522
6,9798,"A Crystal of Time (The School for Good and Evil: The Camelot Years, #2)",Middle Grade & Children's,"Soman Chainani, Iacopo Bruno",4.53,624,2019-03-05,HarperCollins,2057,789,248,40,23,3157
7,9008,Dragon Pearl,Middle Grade & Children's,Yoon Ha Lee,3.82,312,2019-01-15,Rick Riordan Presents,1048,1766,1201,255,41,4311
8,8726,Diary of an Awesome Friendly Kid: Rowley Jefferson's Journal,Middle Grade & Children's,Jeff Kinney,4.03,224,2019-04-09,Harry N. Abrams,7294,2954,2054,873,1039,14214
9,7878,"The Strangers (Greystone Secrets, #1)",Middle Grade & Children's,Margaret Peterson Haddix,3.83,416,2019-04-02,Katherine Tegen Books,618,1131,741,131,26,2647
10,7336,"Aru Shah and the Song of Death (Pandava Quartet, #2)",Middle Grade & Children's,Roshani Chokshi,4.3,381,2019-04-30,Rick Riordan Presents,1373,1261,360,34,15,3043
11,3481,The Bridge Home,Middle Grade & Children's,Padma Venkatraman,4.31,208,2019-02-05,Nancy Paulsen Books,1874,1453,440,63,35,3865
12,3371,Other Words for Home,Middle Grade & Children's,Jasmine Warga,4.46,352,2019-05-28,Balzer + Bray,3409,2052,385,63,49,5958
13,3061,"Legacy (Keeper of the Lost Cities, #8)",Middle Grade & Children's,Shannon Messenger,4.54,816,2019-11-05,Aladdin,2814,801,329,80,40,4064
14,2910,Shouting at the Rain,Middle Grade & Children's,Lynda Mullaly Hunt,4.19,288,2019-05-07,Nancy Paulsen Books,1336,1289,495,80,22,3222
15,2817,To Night Owl from Dogfish,Middle Grade & Children's,"Holly Goldberg Sloan, Meg Wolitzer",4.09,304,2019-02-12,Dial Books,1386,2266,741,83,29,4505
16,2757,"Dead Voices (Small Spaces, #2)",Middle Grade & Children's,Katherine Arden,4.07,236,2019-08-27,G.P. Putnam's Sons Books for Young Readers,706,1168,444,38,10,2366
17,2715,The Unteachables,Middle Grade & Children's,Gordon Korman,4.29,288,2019-01-08,Balzer + Bray,1581,1370,420,52,24,3447
18,2460,A Tale of Magic...,Middle Grade & Children's,Chris Colfer,3.69,484,2019-10-01,"Little, Brown Books for Young Readers",2064,1160,726,610,571,5131
19,1344,Dear Sweet Pea,Middle Grade & Children's,Julie   Murphy,4.03,273,2019-10-01,Balzer + Bray,525,925,386,25,8,1869
20,1295,Tristan Strong Punches a Hole in the Sky (Tristan Strong #1),Middle Grade & Children's,Kwame Mbalia,4.33,496,2019-10-15,Rick Riordan Presents,838,625,191,28,10,1692
1,29860,A Beautiful Day in the Neighborhood: The Poetry of Mister Rogers,Picture Books,"Fred Rogers, Luke Flowers, Josie Carey",4.34,,,None,861,454,182,43,19,1559
2,26891,Sulwe,Picture Books,"Lupita Nyong'o, Vashti Harrison",4.6,48,2019-10-15,Simon  Schuster Books for Young Readers,2399,784,200,27,26,3436
3,18586,"The Good Egg (The Bad Seed, #2)",Picture Books,"Jory John, Pete Oswald",4.14,36,2019-02-12,HarperCollins,1438,1279,553,133,40,3443
4,12925,Hair Love,Picture Books,"Matthew A. Cherry, Vashti Harrison",4.53,32,2019-05-14,Kokila,1441,671,157,21,5,2295
5,8998,Unicorn Day,Picture Books,"Diana  Murray, Luke Flowers",3.75,32,2019-06-04,Sourcebooks Jabberwocky,273,322,292,80,22,989
6,7954,A Tiger Like Me,Picture Books,"Michael Engler, Joëlle Tourlonias, Laura Watkinson",4.02,32,2019-09-01,Amazon Crossing Kids,445,266,228,67,22,1028
7,7396,Because,Picture Books,"Mo Willems, Amber Ren",4.27,40,2019-03-05,Hyperion Books for Children,1321,912,347,69,37,2686
8,6069,We Are (Not) Friends,Picture Books,"Anna Kang, Christopher Weyant",3.85,40,2019-05-01,Two Lions,660,553,387,113,109,1822
9,5807,Just Because,Picture Books,"Mac Barnett, Isabelle Arsenault",3.79,40,2019-09-10,Candlewick Press,310,457,318,78,27,1190
10,5713,A Piglet Named Mercy,Picture Books,"Kate DiCamillo, Chris Van Dusen",3.84,32,2019-04-02,Candlewick Press,338,469,351,82,9,1249
11,2943,Pirates Don't Go to Kindergarten!,Picture Books,"Lisa     Robinson, Eda Kaban",4.13,32,2019-08-01,Two Lions,390,227,154,34,20,825
12,2875,The Proudest Blue,Picture Books,"Ibtihaj Muhammad, S.K. Ali, Hatem Aly",4.55,40,2019-09-10,Little Brown Books,1106,507,101,13,10,1737
13,2604,How to Read a Book,Picture Books,"Kwame Alexander, Melissa Sweet",3.79,32,2019-06-18,HarperCollins,758,587,482,223,90,2140
14,1976,It's Not Hansel and Gretel,Picture Books,"Josh Funk, Edwardian Taylor",4.04,40,2019-03-01,Two Lions,457,268,160,72,39,996
15,1655,Fry Bread: A Native American Family Story,Picture Books,"Kevin Noble Maillard, Juana Martinez-Neal",4.48,42,2019-10-22,Roaring Brook Press,940,457,151,12,4,1564
16,1466,What If Everybody Thought That?,Picture Books,"Ellen Javernick, Colleen Madden",3.41,32,2019-08-27,Two Lions,55,61,93,44,10,263
17,1459,"Vacation for Dexter! (Dexter T. Rexter, #3)",Picture Books,Lindsay Ward,3.69,32,2019-04-16,Two Lions,46,72,81,14,1,214
18,838,The Undefeated,Picture Books,"Kwame Alexander, Kadir Nelson",4.71,40,2019-04-02,Versify,2047,447,114,22,6,2636
19,823,Rosie the Dragon and Charlie Make Waves,Picture Books,"Lauren H. Kerstein, Nate Wragg",3.8,40,2019-06-01,Two Lions,182,105,115,58,15,475
20,650,Snow Globe Wishes,Picture Books,"Erin Dealey, Claire Shorrock",3.67,32,2019-09-15,Sleeping Bear Press,64,99,127,17,2,309